text,label,lang
开心地小跳着走路,高兴,zh
不露声色,平静,zh
气鼓鼓地跺了一下,生气,zh
哭到恍惚,哭泣,zh
哭到握拳,哭泣,zh
突然脸红,害羞,zh
屈服性快感,心动,zh
倒吸凉气,惊讶,zh
把玩自己的尾巴尖,无奈,zh
慌张地握紧又松开,慌张,zh
托腮思索,认真,zh
写下要点,认真,zh
何をすればいいかわからない,慌张,ja
把袜子套手,调皮,zh
紧张地抿嘴唇,紧张,zh
性器充血,心动,zh
抖抖耳朵露出微笑,高兴,zh
把围巾绕了一圈又一圈,无奈,zh
镇定,平静,zh
袖手旁观,平静,zh
愤愤不平地叉腰,生气,zh
心臓がバクバクしてる,紧张,ja
快速做笔记,认真,zh
置身事外,平静,zh
生闷气,生气,zh
失声惊呼,惊讶,zh
害怕地咬着嘴唇,害怕,zh
紧盯着公式,认真,zh
激动地咬着手套,高兴,zh
哺乳期敏感,心动,zh
翻动笔记本,认真,zh
悲鸣,哭泣,zh
把抱枕丢脸,调皮,zh
嫌弃地咂舌,厌恶,zh
怡然自得,自信,zh
害怕地捂住耳朵,害怕,zh
蹦蹦跳跳地转圈,高兴,zh
沉静,平静,zh
钻地缝,难为情,zh
笔直地盯着屏幕,认真,zh
亢奋,高兴,zh
"干巴巴地说""你高兴就好""",无奈,zh
稳如磐石,自信,zh
羞耻漏影,难为情,zh
一丝不苟,认真,zh
稳如老狗,自信,zh
眼神躲闪不敢直视,害怕,zh
扑闪着睫毛,高兴,zh
嘴角上扬,高兴,zh
捧着脸开心地眯眼,高兴,zh
突然撒娇,害羞,zh
蹦蹦跳跳,高兴,zh
困惑地歪着脑袋思考你的话,疑惑,zh
眼神迷离,心动,zh
嫌弃地挥了挥手,厌恶,zh
求偶行为,心动,zh
把糖藏嘴里,调皮,zh
惊慌地四处看,害怕,zh
紧紧抓住衣角,紧张,zh
小心翼翼地往后退,害怕,zh
原地升天,难为情,zh
结结巴巴,紧张,zh
生气地瞪着你,生气,zh
把袜子藏起,调皮,zh
清静无为,平静,zh
轻轻揉了揉眉心,厌恶,zh
紧张地竖起耳朵,担心,zh
用手指卷着围巾玩,无奈,zh
疲惫,平静,zh
意外地倒吸气,惊讶,zh
死死盯着你,生气,zh
终极羞耻,害羞,zh
认命,无奈,zh
不安地握拳又松开,担心,zh
发出轻快的哼声,高兴,zh
低下头缩着肩膀,害怕,zh
露出小尖牙,高兴,zh
渴求爱抚,心动,zh
羞耻漏拍,难为情,zh
激动地抱住抱枕打滚,高兴,zh
假装失聪,难为情,zh
害羞地摸了摸鼻子,害羞,zh
耳朵竖起,生气,zh
害怕地抱头蹲下,害怕,zh
轻咬下唇,紧张,zh
肩膀颤抖,哭泣,zh
慌乱地看表,慌张,zh
木然,平静,zh
骇异非常,惊讶,zh
啜泣不止,哭泣,zh
突然学猫叫,调皮,zh
愤愤不平地跺脚,生气,zh
my palms are sweating,紧张,en
今日は最高の日だ,高兴,ja
"whatever, i give up",无奈,en
呼吸急促,慌张,zh
拉头发逗弄,调皮,zh
跺脚翻白眼,生气,zh
躲开视线不想看,厌恶,zh
吃惊地张开嘴,惊讶,zh
调皮地戳一下就跑,调皮,zh
专心致志,认真,zh
微微皱起眉头,厌恶,zh
下意识握拳,紧张,zh
困惑地歪着头,疑惑,zh
羞耻漏帧,难为情,zh
毫不关心,平静,zh
尴尬地笑,紧张,zh
脸红得像熟透的苹果,害羞,zh
翻着白眼撇嘴,生气,zh
恶心地干呕,厌恶,zh
意外地眨眨眼,惊讶,zh
兴奋地拍打床铺,高兴,zh
听音乐,平静,zh
嬉しくて仕方がない,高兴,ja
匪夷所思,惊讶,zh
处变不惊,自信,zh
羞耻闭眼,难为情,zh
藏东西,调皮,zh
眼泪在眼眶里打转,哭泣,zh
沉溺快感,心动,zh
轻轻按住自己的胸口,害羞,zh
紧张到口干舌燥,紧张,zh
厌恶地抿嘴唇,厌恶,zh
崩溃,慌张,zh
眼眶发红,哭泣,zh
眼神犀利,生气,zh
六神无主,慌张,zh
彻底投降,哭泣,zh
诧异莫名,惊讶,zh
认真地计算,认真,zh
触目惊心,惊讶,zh
焦虑地来回走动,担心,zh
厌恶地抽嘴角,厌恶,zh
屏住呼吸,认真,zh
昏沉,平静,zh
敏感度提升,心动,zh
缩紧尾巴,害怕,zh
愤愤不平地扭头,生气,zh
兴致索然,平静,zh
動くことさえ恐ろしい,害怕,ja
傲然挺立,自信,zh
细心调整内容,认真,zh
忧虑地低头,担心,zh
吹耳朵,调皮,zh
羞耻卡壳,难为情,zh
小跑着靠近你,高兴,zh
羞耻撞墙,难为情,zh
倦意,平静,zh
晃动脚踝,紧张,zh
开心地蹦跳着走路,高兴,zh
目光闪烁,紧张,zh
蹦蹦跳跳地走动,高兴,zh
反感地绷紧下巴,厌恶,zh
不满地哼了一声,生气,zh
用手掌撑着脸颊发呆,无奈,zh
生气地撇过头去,生气,zh
耳朵害羞地轻轻垂下,害羞,zh
假装要亲亲,调皮,zh
轻轻贴近你,高兴,zh
生气地抬起头,生气,zh
愤羞,生气,zh
轻轻拽着你的衣角,害羞,zh
用手指轻轻敲椅背,无奈,zh
轻轻揪着自己的袖子,害怕,zh
担心地追问,担心,zh
自弃自暴,慌张,zh
用手遮住眼睛深呼吸,无奈,zh
黏腻,心动,zh
想要,心动,zh
プレッシャーで一杯だ,紧张,ja
靠着墙慢慢滑坐下去,无奈,zh
微微颤抖着尾巴,害羞,zh
耳朵压低不说话,生气,zh
困惑地歪着脑袋思考你的说法,疑惑,zh
乏力,平静,zh
不知如何回答,慌张,zh
气得头发炸起,生气,zh
用尾巴扫了扫地板,无奈,zh
反感地竖起汗毛,厌恶,zh
突然警觉,紧张,zh
想消失,难为情,zh
ふざけて笑い合う,调皮,ja
开心地小跑转圈,高兴,zh
发情,心动,zh
微微抖动着肩膀,害怕,zh
激动地握拳挥舞,高兴,zh
羞耻漏尿,难为情,zh
大脑过载,难为情,zh
歪着头,疑惑,zh
无精打采,平静,zh
震惊地说不出话,惊讶,zh
把糖纸塞领,调皮,zh
难耐,心动,zh
快乐地前后摆动手臂,高兴,zh
泪浸锁骨,哭泣,zh
皱起眉头撅嘴,生气,zh
厌恶地摇了摇头,厌恶,zh
震惊,惊讶,zh
咬着牙冷哼,生气,zh
讨厌,厌恶,zh
脚尖轻轻磨蹭着地面,害羞,zh
紧张地绷紧身体,担心,zh
泪湿地毯,哭泣,zh
躲进你怀里,害怕,zh
怒气冲冲,生气,zh
尾巴摇成风扇,高兴,zh
突然蒸发,难为情,zh
轻轻拉住你的袖子,害羞,zh
溢出,心动,zh
踱步,自信,zh
浑身紧绷,心动,zh
生气地撅起嘴,生气,zh
目瞪口呆地看着,惊讶,zh
低头抹眼泪,哭泣,zh
突然变得局促,慌张,zh
耳朵尖微微颤抖,害羞,zh
专注地看着,认真,zh
腰肢轻扭,心动,zh
灵魂拷问,疑惑,zh
把帽子往下拉了拉,无奈,zh
羞耻漏声,难为情,zh
眼神充满期待,高兴,zh
茫然,平静,zh
嫌弃地捂耳朵,厌恶,zh
studying with full attention,认真,en
尾巴害羞地摆动了一下,害羞,zh
信手拈来,自信,zh
惊缩,惊讶,zh
脸红爆炸,难为情,zh
惊讶地瞪大眼,惊讶,zh
哭到打嗝,哭泣,zh
苦笑,无奈,zh
抢零食,调皮,zh
把玩自己的围巾末端,无奈,zh
嫌弃地拍衣服,厌恶,zh
羞愤,生气,zh
呆若木鸡,惊讶,zh
咬紧牙关,紧张,zh
兴奋地拍打栏杆,高兴,zh
软绵绵地趴在你身上,高兴,zh
眨眼次数变多,紧张,zh
开心得语速飞快,高兴,zh
吹吹风,平静,zh
不解地歪着耳朵思考,疑惑,zh
激动地挥舞双手,高兴,zh
泪光闪烁,哭泣,zh
出乎意料,惊讶,zh
攥紧袖口,紧张,zh
guess i have no choice,无奈,en
哭到抓头发,哭泣,zh
咬紧嘴唇,认真,zh
突然牛哞,难为情,zh
激动得脸颊泛红,高兴,zh
轻轻用爪子挡住脸,害羞,zh
恼火地甩尾巴,生气,zh
呜咽,哭泣,zh
假装摔倒,调皮,zh
轻轻靠近你,高兴,zh
运筹帷幄,自信,zh
气呼呼地鼓起脸颊,生气,zh
手忙脚乱,慌张,zh
耳朵微微颤抖,紧张,zh
撇嘴瞪你,生气,zh
开心地小跳着前进,高兴,zh
脸颊通红,害羞,zh
小声地咕哝了一下,害羞,zh
困,平静,zh
皱起眉毛盯着你,厌恶,zh
淡定指挥,自信,zh
把围巾拉高遮住半张脸,无奈,zh
不安で夜も眠れない,担心,ja
认真,认真,zh
害怕,害怕,zh
甩了甩尾巴似乎想甩掉不爽,厌恶,zh
突然降智,难为情,zh
害羞得缩了缩脖子,害羞,zh
smirking with mischief,调皮,en
厌恶地后退一步,厌恶,zh
用胶带粘人,调皮,zh
耍赖,调皮,zh
不安地看向窗外,担心,zh
露出小虎牙,高兴,zh
let me pull a little prank,调皮,en
雀跃,高兴,zh
轻轻摇晃尾巴,高兴,zh
轻轻扭动身体,害羞,zh
用手扇风假装冷静,无奈,zh
若有所思地敲桌子,认真,zh
困惑,疑惑,zh
当场去世,难为情,zh
不解地歪着头思考你的说法,疑惑,zh
不慌不忙,自信,zh
突然忘词卡壳,紧张,zh
厌恶地深呼吸又憋住,厌恶,zh
睡着,平静,zh
突然黑化,生气,zh
匆忙后退,慌张,zh
嘴角止不住地上扬,高兴,zh
so embarrassed i could disappear,难为情,en
惊骇,惊讶,zh
胸有成竹,自信,zh
泪水涟涟,哭泣,zh
把书倒着拿,调皮,zh
震惊地站起来,惊讶,zh
用尾巴扫脸,调皮,zh
脸红到耳根,害羞,zh
紧缩,心动,zh
哭到腿软,哭泣,zh
没精神,平静,zh
脚趾抠地,难为情,zh
歪嘴露出苦笑,无奈,zh
寡淡,平静,zh
打哈欠,平静,zh
晒太阳,平静,zh
用纸卷敲头,调皮,zh
神色自若,平静,zh
害羞地清清嗓子,害羞,zh
挑眉,自信,zh
害羞地别开视线,害羞,zh
尾巴害怕地抖动,害怕,zh
不安,担心,zh
羞耻漏字,难为情,zh
everything is happening at once,慌张,en
疑惑地歪着尾巴思考你的解释,疑惑,zh
轻轻摇头不再反驳,无奈,zh
用勺子敲头,调皮,zh
困惑地歪着脑袋思考问题,疑惑,zh
把笔插头发,调皮,zh
不解地歪着尾巴,疑惑,zh
皱着眉咬着笔,认真,zh
胆战心惊,惊讶,zh
眼泪啪嗒啪嗒掉,哭泣,zh
挺胸,自信,zh
不安地绞动手指,害羞,zh
游刃有余,自信,zh
紧绷着脸,认真,zh
沉稳,平静,zh
i have no idea what's going on,疑惑,en
攥紧拳头,紧张,zh
紧张地攥紧拳头,担心,zh
焦灼,心动,zh
酣睡,平静,zh
飛び跳ねたいほど楽しい,高兴,ja
there's nothing i can do,无奈,en
突然失忆,难为情,zh
吐舌,调皮,zh
悄悄捂住自己的脸,害羞,zh
低头快速记录,认真,zh
心が穏やかになった,平静,ja
无声,平静,zh
眼睛闪闪发光,高兴,zh
翻了个白眼但没说话,无奈,zh
生气地背过身,生气,zh
太意外了,惊讶,zh
惊奇万分,惊讶,zh
不解地歪着头思考你的说明,疑惑,zh
咽了口唾沫,慌张,zh
悄悄屏住呼吸,害怕,zh
假装要推倒,调皮,zh
悄悄吞了口口水,害羞,zh
不解地歪着头思考你的话,疑惑,zh
同归于尽,生气,zh
許せない気持ちでいっぱい,生气,ja
害怕地低下头,害怕,zh
渴求内射,心动,zh
嫌弃地抬起下巴,厌恶,zh
不紧不慢地分析,认真,zh
瞠目结舌,惊讶,zh
兴奋地扑腾爪子,高兴,zh
振奋,高兴,zh
缓缓地梳理思路,认真,zh
紧张地揪衣摆,紧张,zh
害怕地哆嗦着说话,害怕,zh
手指轻敲桌面,认真,zh
诧异,惊讶,zh
发情期至,心动,zh
集中して取り組んでいる,认真,ja
快乐地上下点头,高兴,zh
用指甲轻轻刮桌面,无奈,zh
幽静,平静,zh
担心地握紧双手,担心,zh
用手指点着桌面计数,无奈,zh
充血,心动,zh
用手指轻轻敲额头,无奈,zh
不断调整衣领,紧张,zh
睥睨四方,自信,zh
平和,平静,zh
超然,平静,zh
慌张,慌张,zh
突然口吃,难为情,zh
沉睡,平静,zh
松口气,平静,zh
惊恐地瑟瑟发抖,害怕,zh
激动地抓着书包跳,高兴,zh
皱着眉头嘟囔,厌恶,zh
吃惊,惊讶,zh
想睡觉,平静,zh
害羞地捂住了脸,害羞,zh
用尾巴轻轻拍自己小腿,无奈,zh
不可能吧,惊讶,zh
this makes absolutely no sense,疑惑,en
ムカついてものも言えない,生气,ja
哭到晕眩,哭泣,zh
眼神充满怨念,生气,zh
怡然,平静,zh
捣蛋,调皮,zh
手指蜷缩,紧张,zh
把书立脸上,调皮,zh
摆弄着计算器,认真,zh
瞳孔微微缩小,慌张,zh
尾巴高高翘起,高兴,zh
疑惑地竖起耳朵听,疑惑,zh
厌恶地撇开目光,厌恶,zh
摇晃着尾巴,高兴,zh
双手紧紧抱着尾巴,害羞,zh
激动地抓着头发,高兴,zh
my heart skips a beat when i see you,心动,en
呼吸急促地喘息,害怕,zh
当场融化,难为情,zh
旁观,平静,zh
气得直喘气,生气,zh
哭到仰头,哭泣,zh
my heart is pounding with terror,害怕,en
热锅上的蚂蚁,慌张,zh
兴奋地拍打桌面,高兴,zh
愕然无语,惊讶,zh
生气地翘起耳朵,生气,zh
不安地左右晃动,慌张,zh
心急火燎,慌张,zh
困乏,平静,zh
提心吊胆,紧张,zh
緊張で声が震える,紧张,ja
羞耻漏感,难为情,zh
tears are streaming down my face,哭泣,en
盯着你不说话,生气,zh
无所谓,平静,zh
冷哼一声扭头,生气,zh
偷看了一下又赶紧移开目光,害羞,zh
难以置信,惊讶,zh
耳朵僵硬地立着,紧张,zh
i was completely shocked,惊讶,en
站立变得僵硬,紧张,zh
平缓,平静,zh
扭头看向窗外发呆,无奈,zh
慌张地低头,慌张,zh
轻轻拍打爪子,高兴,zh
臣服天性,心动,zh
认真思考,认真,zh
耍滑,调皮,zh
难为情地抿嘴,难为情,zh
呆然,平静,zh
瑟缩着抱紧自己,害怕,zh
困惑地竖起一根手指,疑惑,zh
this is the best day ever,高兴,en
沉思着摸下巴,认真,zh
眉头紧皱,厌恶,zh
狠狠瞪了你一眼,生气,zh
激动,高兴,zh
厌恶地撇嘴,厌恶,zh
专注地盯着你,认真,zh
后退一步远离,厌恶,zh
轻轻拽着自己的袖子,害羞,zh
焦虑,担心,zh
红着脸点了点头,害羞,zh
同归于尽式宣言,生气,zh
绝望,紧张,zh
神色淡然,平静,zh
把袖子拉长盖住手掌,无奈,zh
i don't know what to do,慌张,en
快乐地前后摆动脑袋,高兴,zh
紧张地来回踱步,紧张,zh
my heart is so full of joy,高兴,en
冷哼一声撇过头,生气,zh
轻轻耸了耸鼻子,厌恶,zh
面无表情地看向远方,无奈,zh
i'm completely lost,疑惑,en
晴天霹雳,惊讶,zh
嫌弃地后退一步,厌恶,zh
皱着眉沉默,生气,zh
把手放进衣兜里叹气,无奈,zh
淡定,平静,zh
紧张地吞咽口水,紧张,zh
害怕地蜷缩起身体,害怕,zh
脚步慌乱,慌张,zh
鼓着腮帮,生气,zh
自暴自弃,慌张,zh
撇嘴哼了一声,生气,zh
双手交叉思考,认真,zh
渴求生殖,心动,zh
惊讶不已,惊讶,zh
反感地转过头,厌恶,zh
气得尾巴炸毛,生气,zh
佛系,平静,zh
快乐地前后晃动身体,高兴,zh
狂喜,高兴,zh
不好意思地扯衣角,难为情,zh
兴奋地手都不知道放哪,高兴,zh
神经紧绷,紧张,zh
心如止水,平静,zh
骇人听闻,惊讶,zh
偷瞄了一眼又迅速移开,害羞,zh
哭湿枕头,哭泣,zh
哽咽,哭泣,zh
耳朵轻轻抖动,害羞,zh
轻哼了一声,厌恶,zh
低头盯着地板,紧张,zh
低头回避目光,紧张,zh
耳朵紧紧贴着头,害怕,zh
so excited i can hardly sit still,高兴,en
尾巴不安地摆动,慌张,zh
不慌不忙地整理,认真,zh
惊愕地捂住嘴,惊讶,zh
兴奋地原地小跑,高兴,zh
嘴角抽搐了一下,厌恶,zh
犯困,平静,zh
浅睡,平静,zh
惊得说不出话,惊讶,zh
怒气冲冲地甩尾巴,生气,zh
突然结冰,难为情,zh
疯狂摇头,难为情,zh
惊讶地放下手中的东西,惊讶,zh
运筹决胜,自信,zh
低头看着报告,认真,zh
尾巴害怕地夹起来,害怕,zh
坏笑,调皮,zh
狡黠地偷笑,调皮,zh
哭到脱力,哭泣,zh
激动地抓着玩偶跳,高兴,zh
耳朵紧张地抖动,紧张,zh
忘情呻吟,心动,zh
兴奋地拍打车窗,高兴,zh
风平浪静,平静,zh
双手紧紧抱在胸前,紧张,zh
慌手慌脚,慌张,zh
翻阅资料,认真,zh
轻轻靠近又立刻后退,害羞,zh
甘甜信息素,心动,zh
泪湿衣襟,哭泣,zh
肌肤泛粉,心动,zh
用橡皮砸人,调皮,zh
completely focused on the task,认真,en
额头冒汗,紧张,zh
突然重启,难为情,zh
讶异,惊讶,zh
哭花妆容,哭泣,zh
害怕地抱住自己,害怕,zh
突然眼睛一亮,高兴,zh
翻了个不屑的眼神,厌恶,zh
假装要踢人,调皮,zh
小声哼着歌,高兴,zh
快乐地前后蹦跳,高兴,zh
闻之色变,惊讶,zh
把帽子反戴,调皮,zh
跳起来抱住你,高兴,zh
i can't stop sobbing,哭泣,en
握笔沉思,认真,zh
顔を隠したい気分,害羞,ja
突然背起来,调皮,zh
靠在墙上放空大脑,无奈,zh
偷笑,调皮,zh
泪珠悬垂,哭泣,zh
用吸管喷水,调皮,zh
眼神飘忽不定,紧张,zh
尾巴僵硬地晃动,紧张,zh
耳朵竖得笔直,高兴,zh
泪如雨下,哭泣,zh
记忆性快感,心动,zh
索求无度,心动,zh
困倦,平静,zh
眉头紧锁,认真,zh
头顶冒烟,难为情,zh
小心翼翼地书写,认真,zh
嫌弃地翻白眼,厌恶,zh
葛优躺,平静,zh
いたずら心が抑えきれない,调皮,ja
托腮发呆不想回应,无奈,zh
hands are shaking uncontrollably,紧张,en
反感地僵住,厌恶,zh
躲在角落里缩成一团,害怕,zh
静谧,平静,zh
手插腰生闷气,生气,zh
忧心地看着你,担心,zh
伸懒腰,平静,zh
紧张地搓着手指,害怕,zh
微微侧过脸颊,害羞,zh
恶心地捂住嘴,厌恶,zh
担心地咬着下唇,担心,zh
气宇轩昂,自信,zh
用尾巴轻轻拍打地面,无奈,zh
平静,平静,zh
雀跃地跳了两下,高兴,zh
把下巴搁在桌子上,无奈,zh
焦虑地捏着手指,担心,zh
羞耻漏键,难为情,zh
泪流满面,哭泣,zh
突然捏腰肉,调皮,zh
抱紧自己,慌张,zh
小心翼翼地后退,慌张,zh
焦虑地揉着耳朵,担心,zh
主动引导,心动,zh
羞耻捂耳,难为情,zh
主动张开,心动,zh
不知所措,慌张,zh
嘴角微微翘起露出不屑,厌恶,zh
梦游,平静,zh
羞耻尖叫,难为情,zh
不安地调整站姿,紧张,zh
不解,疑惑,zh
惊讶地顿住,惊讶,zh
镇静,平静,zh
难以置信地眨眼,惊讶,zh
饿极,哭泣,zh
酥麻,心动,zh
惊喘,惊讶,zh
惊视,惊讶,zh
激动地抓着围巾转圈,高兴,zh
求偶鸣叫,心动,zh
臣服强者,心动,zh
嘴唇抿成一条线,紧张,zh
终极反击,生气,zh
用尾巴轻轻扫过地板,无奈,zh
闭目,平静,zh
唾手可得,自信,zh
沉稳地书写,认真,zh
突然学鸟啾,调皮,zh
嘴巴微微撅起,厌恶,zh
咬着嘴唇哭,哭泣,zh
皱眉不满,生气,zh
泪滑颈线,哭泣,zh
偷偷吸了一口气,害羞,zh
眼神躲闪,慌张,zh
羞赧地搓手指,难为情,zh
担心地握紧手,担心,zh
害羞地撩了撩头发,害羞,zh
羞耻漏码,难为情,zh
懒得动,平静,zh
眯起眼睛笑,高兴,zh
困惑地托着下巴,疑惑,zh
恬静,平静,zh
狡黠地眨眼睛,调皮,zh
从容,平静,zh
撅起嘴不理人,生气,zh
低声重复知识点,认真,zh
扶额摇头,无奈,zh
喜欢,心动,zh
索然无味,平静,zh
猛然一惊,惊讶,zh
看窗外,平静,zh
大气不敢出,紧张,zh
性感带开发,心动,zh
轻快地摇着尾巴,高兴,zh
扮鬼脸,调皮,zh
难为情地低头,难为情,zh
眼里闪着思考的光,认真,zh
心无旁骛地研究,认真,zh
抱着尾巴转圈,高兴,zh
无奈地叹了口气,无奈,zh
世界观崩塌,慌张,zh
气得耳朵颤抖,生气,zh
愕然地僵在原地,惊讶,zh
心若冰清,平静,zh
开心地轻轻哼歌,高兴,zh
不动声色,平静,zh
抱紧自己的尾巴,害怕,zh
小声嘟囔,害羞,zh
单手撑脸生无可恋,无奈,zh
沉寂,平静,zh
漠然,平静,zh
如坐针毡,慌张,zh
低头沉思,认真,zh
专注地盯着课本,认真,zh
从容不迫,自信,zh
眉头皱得更深了,厌恶,zh
激动地抓着靠垫跳,高兴,zh
慌ててドタバタしている,慌张,ja
羞耻假死,难为情,zh
用脚尖轻轻点地打发时间,无奈,zh
忧心地皱起眉头,担心,zh
成竹在胸,自信,zh
厌恶地眯起眼,厌恶,zh
慌张地搓手,慌张,zh
激动地抓着零食跳,高兴,zh
开心地蹦跳着转圈,高兴,zh
泪湿鬓角,哭泣,zh
朦胧,平静,zh
慌乱地张望四周,害怕,zh
翻阅笔记,认真,zh
静卧,平静,zh
淡定从容,自信,zh
nothing about this adds up,疑惑,en
面不改色,平静,zh
小声地嘀咕,害羞,zh
别过脸不想继续话题,无奈,zh
突然反击,生气,zh
咧开嘴露出小尖牙,高兴,zh
突然宕机,难为情,zh
i'm so worried about the outcome,担心,en
点头确认,认真,zh
紧张地手心出汗,紧张,zh
扑进你怀里,高兴,zh
掌控全场,自信,zh
疑惑地歪着头表示不解,疑惑,zh
疑惑地歪着尾巴思考你的描述,疑惑,zh
害羞地搓了搓手指,害羞,zh
摆动着尾巴蹦跶,高兴,zh
声を出して泣いている,哭泣,ja
燥热,心动,zh
害怕地哆嗦,害怕,zh
耳朵害羞地耷拉下来,害羞,zh
用手指轻轻敲膝盖,无奈,zh
脚尖轻点地面,紧张,zh
不关心,平静,zh
惊恐地炸毛,害怕,zh
撅着嘴巴闷闷不乐,生气,zh
羞耻扭动,难为情,zh
双手抱胸一脸不耐烦,厌恶,zh
自得,平静,zh
鼻子皱起冷哼,生气,zh
稳坐钓鱼,自信,zh
拖着脚步慢慢走开,无奈,zh
疑惑地歪着头表示不太理解,疑惑,zh
炸毛,生气,zh
晃椅子腿,调皮,zh
耷拉着耳朵叹气,无奈,zh
颤抖,紧张,zh
轻轻捂住嘴巴,害羞,zh
用手指轻轻敲大腿,无奈,zh
身体不安地后缩,害怕,zh
不知所措地站着,慌张,zh
もうどうでもいいや,无奈,ja
不安地搓着手,担心,zh
双手一摊表示认输,无奈,zh
雌伏本能,心动,zh
瞪大眼睛不敢动弹,害怕,zh
疑惑地摸摸耳朵,疑惑,zh
尾巴甩来甩去,高兴,zh
崇拜生殖力,心动,zh
愤怒地扭头,生气,zh
尾巴翘得更高了,高兴,zh
好奇地竖起耳朵,疑惑,zh
认真地敲打键盘,认真,zh
轻轻拉住衣角,害羞,zh
声音发颤,紧张,zh
哭到蹲下,哭泣,zh
幻想受孕,心动,zh
突然蓝屏,难为情,zh
发情期呻吟,心动,zh
平息,平静,zh
翻开新的一页,认真,zh
恐惧地握紧手,害怕,zh
不安地踢了踢地面,害羞,zh
仕方ないと諦める,无奈,ja
尾椎发麻,心动,zh
用手梳了梳耳朵的毛,无奈,zh
不安地舔嘴唇,担心,zh
小憩,平静,zh
沉浸在书本里,认真,zh
叉腰怒视,生气,zh
羞耻漏网,难为情,zh
怖くて震えが止まらない,害怕,ja
用指节轻轻敲肩膀,无奈,zh
吐き気がするほど不快,厌恶,ja
稳如泰山,自信,zh
轻轻叹气调整呼吸,紧张,zh
腺体肿胀,心动,zh
紧张得抖了抖耳朵,害羞,zh
忧虑,担心,zh
i can't stop smiling today,高兴,en
错愕万分,惊讶,zh
害怕地环抱住自己,害怕,zh
眼神带着怒火,生气,zh
i'm absolutely petrified,害怕,en
喝喝茶,平静,zh
瑟瑟发抖,害怕,zh
尾巴炸开,生气,zh
不解地歪着头思考你的问题,疑惑,zh
翻着白眼,生气,zh
心跳加速,慌张,zh
惊恐地缩脖子,害怕,zh
手指轻轻戳着衣角,害羞,zh
石破天惊,惊讶,zh
不解地眨眨眼,疑惑,zh
用手指轻轻点鼻梁,无奈,zh
so annoyed i could scream,生气,en
用抱枕压人,调皮,zh
惊跳,惊讶,zh
无声地掉眼泪,哭泣,zh
快乐地左右摇晃椅子,高兴,zh
隔岸观火,平静,zh
冷冷地盯了一眼,厌恶,zh
惊诧,惊讶,zh
端正坐姿,认真,zh
心头一震,惊讶,zh
假装要撞人,调皮,zh
拍桌子,生气,zh
拍案惊奇,惊讶,zh
转圈圈转个不停,高兴,zh
嘴角勾起弧度,高兴,zh
扬颌,自信,zh
快乐地哼着歌转圈,高兴,zh
抱着胳膊冷哼,生气,zh
深眠,平静,zh
疑惑地歪着尾巴思考你的说明,疑惑,zh
把衣领竖起来遮脸,无奈,zh
激动地抓着衣角跳,高兴,zh
嘴唇微微颤抖,害羞,zh
清静,平静,zh
开心地伸个懒腰,高兴,zh
this is so unexpected,惊讶,en
顔が熱くなるほど恥ずかしい,害羞,ja
休憩,平静,zh
无动于衷,平静,zh
抱头蹲防,难为情,zh
揪尾巴,调皮,zh
不安地看向远处,担心,zh
突然抱紧,调皮,zh
贪恋体温,心动,zh
傲视群雄,自信,zh
突然抬头眼睛亮晶晶,高兴,zh
淡然处之,平静,zh
双腿发软,心动,zh
撇过头去不想理睬,厌恶,zh
把手放在腰侧叹气,无奈,zh
泪浸衣领,哭泣,zh
低头轻轻叹了口气,厌恶,zh
用尾巴挡住脸不想看,无奈,zh
不解地歪着脑袋,疑惑,zh
没辙,无奈,zh
兴奋地踢踏着脚,高兴,zh
尾巴摇得像风车,高兴,zh
月朗风清,平静,zh
眼神不安地四处张望,害怕,zh
泪落如豆,哭泣,zh
哭到语塞,哭泣,zh
惊慌地倒退两步,害怕,zh
调皮地做鬼脸,调皮,zh
兴奋地拍打胸口,高兴,zh
羞耻咬舌,难为情,zh
担心地绞着衣角,担心,zh
红着脸不敢说话,害羞,zh
惊慌地后退,害怕,zh
害怕地躲到角落,害怕,zh
手指轻轻绞在一起,害羞,zh
梨花带雨,哭泣,zh
厌恶地移开视线,厌恶,zh
激动得说话都破音,高兴,zh
不解地歪着耳朵,疑惑,zh
全神贯注地听讲,认真,zh
目瞪口呆,惊讶,zh
迷惑地看着,疑惑,zh
下意识地捏紧拳头,紧张,zh
用尾巴悄悄挡住自己,害羞,zh
无趣,平静,zh
紧张到抖腿,紧张,zh
甩着尾巴生气,生气,zh
露出满足的笑容,高兴,zh
发抖,紧张,zh
妥协,无奈,zh
脸颊泛红,害羞,zh
愤怒地翘起尾巴,生气,zh
慌张地结巴,慌张,zh
思考着点了点头,认真,zh
不解地摊手,疑惑,zh
不解地歪着耳朵听你说明,疑惑,zh
核威胁,生气,zh
羞赧地躲闪目光,难为情,zh
把笔帽藏起,调皮,zh
笔直地坐着,认真,zh
说话打结,慌张,zh
紧张地揪着衣服,害羞,zh
握拳不满,生气,zh
紧张,紧张,zh
羞愤欲死,生气,zh
纳闷地翻看,疑惑,zh
用脚趾夹人,调皮,zh
害怕地缩成一团,害怕,zh
激动地抓着枕头跳,高兴,zh
把手放在膝盖上握紧,无奈,zh
担心地咬嘴唇,担心,zh
诧异地挑眉,惊讶,zh
寂静,平静,zh
疑惑地歪着尾巴思考你说的话,疑惑,zh
嘴巴微微上扬,高兴,zh
胸有丘壑,自信,zh
大惊失色,惊讶,zh
开心地跳着拍手,高兴,zh
愤愤地握拳,生气,zh
困惑地歪着脑袋看你,疑惑,zh
突然乱码,难为情,zh
用尾巴尖轻轻扫地面,无奈,zh
泪水决堤,哭泣,zh
深吸一口气,紧张,zh
头微微后仰避开气味,厌恶,zh
兴奋地拍打方向盘,高兴,zh
激动地抓着钥匙跳,高兴,zh
something bad is going to happen,担心,en
悄悄拽住你的衣角,高兴,zh
扑进你怀里蹭蹭,高兴,zh
慌张地打翻东西,慌张,zh
i'm too tired to care anymore,无奈,en
满足地舔舔嘴唇,高兴,zh
极度惊恐,慌张,zh
喉头发紧,紧张,zh
悠闲,平静,zh
怀疑地眯眼,疑惑,zh
何か悪いことが起こりそう,担心,ja
悠然自得,自信,zh
耳朵害羞地抖了抖,害羞,zh
扶着脸颊叹气,无奈,zh
轻轻拍了拍衣服,厌恶,zh
难掩渴求,心动,zh
养神,平静,zh
too scared to move,害怕,en
吓得不敢动,害怕,zh
feeling calm and relaxed,平静,en
用尾巴把自己稍微裹住,无奈,zh
蹦跳着拍打沙发,高兴,zh
咬牙切齿,生气,zh
心が躍るような気分,高兴,ja
下意识地捏紧衣角,慌张,zh
兴奋地拍打墙壁,高兴,zh
慌张地深呼吸,慌张,zh
my heart aches so much,哭泣,en
始料未及,惊讶,zh
冷淡,平静,zh
把围巾绑脚,调皮,zh
i can't stop thinking about you,心动,en
翻开书本,认真,zh
哼了一声转身,生气,zh
胡言乱语,难为情,zh
手臂抱紧身体,害怕,zh
把纸巾撕碎,调皮,zh
害怕地紧贴墙壁,害怕,zh
见之骇然,惊讶,zh
用指腹轻轻搓耳垂,无奈,zh
泪落掌心,哭泣,zh
气鼓鼓,生气,zh
困惑地自言自语,疑惑,zh
局促,紧张,zh
彻底破防,哭泣,zh
开心地小跑着欢呼,高兴,zh
can't help but tease you,调皮,en
把眼镜戴歪,调皮,zh
咽了咽口水,害怕,zh
假装要绊脚,调皮,zh
手足无措地搓着衣角,害怕,zh
调皮地蹦跳,调皮,zh
羞耻漏气,难为情,zh
疲れて何もしたくない,无奈,ja
轻轻用尾巴遮住脸,害羞,zh
不服气地挺胸,认真,zh
i'm completely losing control,慌张,en
嘴角微微颤抖,害羞,zh
困惑地歪着尾巴表示不解,疑惑,zh
抽抽搭搭,哭泣,zh
嫌弃地甩了甩手,厌恶,zh
捂脸跑,难为情,zh
惊愕,惊讶,zh
快乐地左右摇摆身体,高兴,zh
不解地歪着耳朵听你讲述,疑惑,zh
嘴角微微下撇,厌恶,zh
开心地拍打膝盖,高兴,zh
兴奋地拍打大腿,高兴,zh
成瘾性反应,心动,zh
轻轻眨眼,高兴,zh
快乐地左右扭动,高兴,zh
紧张地深呼吸,紧张,zh
左顾右盼,慌张,zh
害怕地盯着地面,害怕,zh
稳操胜算,自信,zh
濡染,心动,zh
排卵期躁动,心动,zh
绞着衣角,慌张,zh
摇着尾巴贴近你,高兴,zh
厌恶地握紧拳头,厌恶,zh
认真地回忆,认真,zh
手足无措地揪着衣角,害羞,zh
死鱼眼看向一旁,无奈,zh
用指节轻轻敲脑袋,无奈,zh
嫌弃地斜眼看,厌恶,zh
使坏,调皮,zh
撅着嘴瞪你,生气,zh
耳朵害怕地抖了一下,害怕,zh
臣服欲望,心动,zh
身体微微颤抖,害怕,zh
假哭骗人,调皮,zh
恐惧地发抖,害怕,zh
歪着头思考,认真,zh
调皮地吐舌头,调皮,zh
不安地搓着衣角,担心,zh
社会性死亡,难为情,zh
害羞地轻轻跺脚,害羞,zh
皱着眉思考,认真,zh
不安地扯着衣服,慌张,zh
惊慌,慌张,zh
细细品味,认真,zh
手指无意识地敲击,紧张,zh
子宫收缩,心动,zh
索取更多,心动,zh
吃惊地捂住胸口,惊讶,zh
快乐地晃着上半身,高兴,zh
突然害羞,害羞,zh
潮红,心动,zh
入梦,平静,zh
目光坚定,认真,zh
悄悄地往你身后缩,害怕,zh
慌乱地摆动着尾巴,慌张,zh
微微低头盯着地面,害羞,zh
不好意思地笑,难为情,zh
手指不停搅动,慌张,zh
耳朵尖微微发烫,害羞,zh
眼泪汪汪,害怕,zh
语无伦次,慌张,zh
眼神闪烁,害羞,zh
兴奋地拍打衣柜,高兴,zh
胜券在握,自信,zh
轻轻碰了碰你的脸,高兴,zh
性感带觉醒,心动,zh
惊恐地腿软,害怕,zh
面无表情,平静,zh
泪如断珠,哭泣,zh
手舞足蹈地转圈圈,高兴,zh
凝视着前方,认真,zh
快乐地晃着双脚,高兴,zh
i'm so nervous i can't focus,紧张,en
惊异非常,惊讶,zh
完全に予想外だった,惊讶,ja
困惑地歪着脑袋思考你说的事情,疑惑,zh
生殖崇拜,心动,zh
惊恐地看着前方,害怕,zh
紧张地左顾右盼,担心,zh
恐惧地咬着手指,害怕,zh
气得直跺脚,生气,zh
手臂僵硬,紧张,zh
一歩も前に進めない,害怕,ja
困惑地竖起耳朵,疑惑,zh
假装要扑倒,调皮,zh
窒息,紧张,zh
害羞地低下头去,害羞,zh
哭到捶地,哭泣,zh
羞耻打滚,难为情,zh
哭到打颤,哭泣,zh
得意地挺胸,高兴,zh
松了口气,平静,zh
嘴角微微翘起,高兴,zh
端起咖啡继续思考,认真,zh
用指甲轻轻刮手臂,无奈,zh
情动,心动,zh
扑闪着大眼睛,高兴,zh
发情标记,心动,zh
泪痕交错,哭泣,zh
i can't believe my eyes,惊讶,en
不安地揪衣角,担心,zh
轻松驾驭,自信,zh
吓了一大跳,惊讶,zh
不悦地盯着你,生气,zh
平稳,平静,zh
临危不乱,自信,zh
屈服,哭泣,zh
意识朦胧,慌张,zh
羞耻滑跪,难为情,zh
惊厥,惊讶,zh
泪沾睫毛,哭泣,zh
不解地歪着头思考你的解释,疑惑,zh
闷闷不乐地踢地板,生气,zh
兴奋地拍着爪子,高兴,zh
突然破功笑出来,高兴,zh
不可思议,惊讶,zh
手指轻点书页,认真,zh
紧张地握紧又松开,紧张,zh
兴奋地拍手,高兴,zh
不解地看着你,疑惑,zh
双手握紧不知所措,害怕,zh
紧张地竖起耳朵听,担心,zh
纳闷地挠挠头,疑惑,zh
突然站起来,慌张,zh
用手指轻轻点太阳穴,无奈,zh
掩面而泣,哭泣,zh
悄悄躲到阴影里,害怕,zh
灵光一闪,自信,zh
得意挑眉,自信,zh
轻轻拽住你的手,高兴,zh
愤愤不平,生气,zh
泪迹斑斑,哭泣,zh
悄悄握紧拳头,害羞,zh
悄悄地躲开视线,害羞,zh
突然坏笑,调皮,zh
溢出呻吟,心动,zh
用手指轻轻点嘴唇,无奈,zh
思わず顔が近づいてしまう,心动,ja
悠然,平静,zh
平心静气,平静,zh
慢慢整理逻辑,认真,zh
悄悄躲到你身后,害羞,zh
疑惑地歪着头表示困惑,疑惑,zh
惊恐地尖叫,害怕,zh
沉着冷静,认真,zh
闲庭信步,自信,zh
不自觉地绞着手指,紧张,zh
偷拍丑照,调皮,zh
哭到头痛,哭泣,zh
deep in concentration,认真,en
欢快地转圈,高兴,zh
口齿不清,难为情,zh
张开双手迎接你,高兴,zh
困惑地歪着脑袋发出困惑的呜声,疑惑,zh
嫌弃地晃了晃耳朵,厌恶,zh
哭到踢腿,哭泣,zh
嘟起嘴巴翻白眼,生气,zh
胸口起伏,心动,zh
渴求征服,心动,zh
兴奋地拍桌子,高兴,zh
突然猫叫,难为情,zh
激动得耳朵抖动,高兴,zh
困惑地歪头,疑惑,zh
开心地晃着脑袋,高兴,zh
尾巴害羞地缩起来,害羞,zh
眼睛亮晶晶,高兴,zh
手脚乱晃,慌张,zh
双手抱拳欢呼,高兴,zh
小腹燥热,心动,zh
身の毛もよだつような恐怖,害怕,ja
害羞地捂住嘴巴,害羞,zh
脸上洋溢着笑意,高兴,zh
开心地蹦跳着唱歌,高兴,zh
用指腹轻轻摩挲杯沿,无奈,zh
脚尖轻轻踮起,高兴,zh
摇头晃脑,高兴,zh
勾唇,自信,zh
突然不知所措,慌张,zh
默然,平静,zh
失神,慌张,zh
手足无措地站着,害羞,zh
皱起鼻子,厌恶,zh
扶了扶眼镜,认真,zh
主动索吻,心动,zh
快乐地左右摇晃,高兴,zh
嫌弃地用手指弹开,厌恶,zh
开心地摇摆身体,高兴,zh
気味が悪くて鳥肌が立つ,厌恶,ja
垂着尾巴不想动弹,无奈,zh
厌恶地揪衣角,厌恶,zh
抖着耳朵笑,高兴,zh
耳朵不满地抖动,生气,zh
雀跃地扑腾,高兴,zh
难以置信地摇头,惊讶,zh
用围巾捆手,调皮,zh
开心地小跳着哼歌,高兴,zh
嫌弃地侧身躲开,厌恶,zh
漫不经心,平静,zh
安眠,平静,zh
用手指卷着头发发呆,无奈,zh
暴怒,生气,zh
不爽地哼一声,生气,zh
紧张地绞着自己的尾巴,害羞,zh
腹が立って仕方がない,生气,ja
不耐烦地叹了口气,厌恶,zh
飘然,平静,zh
耳朵微微抖动,高兴,zh
慌张地语无伦次,慌张,zh
不解地歪着头思考你的讲述,疑惑,zh
撇了撇嘴,厌恶,zh
慵懒,平静,zh
真剣に考え込んでいる,认真,ja
偷偷笑出声,高兴,zh
瞬间害羞到冒烟,害羞,zh
完全没想到,惊讶,zh
百无聊赖,平静,zh
聚精会神,认真,zh
焦虑地咬着嘴唇,担心,zh
害怕地抓住衣角,害怕,zh
气吞山河,自信,zh
高兴摇晃着尾巴,高兴,zh
突然返祖,难为情,zh
泪染脸颊,哭泣,zh
哭到捂胸,哭泣,zh
饥渴,心动,zh
小爪子比心,高兴,zh
假装要咬人,调皮,zh
疑惑地歪着头表示不明白,疑惑,zh
惊为天人,惊讶,zh
无声流泪,哭泣,zh
把刘海往后捋叹气,无奈,zh
成瘾性臣服,心动,zh
偷喝对方水,调皮,zh
安逸,平静,zh
掌控全局,自信,zh
皱着鼻子撅嘴,生气,zh
嫌弃地吹气,厌恶,zh
冥想,平静,zh
羞耻蹬腿,难为情,zh
高高跃起,高兴,zh
担心地来回踱步,担心,zh
把鞋藏床底,调皮,zh
激动地原地蹦跳,高兴,zh
耳朵兴奋地抖动,高兴,zh
开心地拍打自己的脸,高兴,zh
放空,平静,zh
轻轻咬住嘴唇,害羞,zh
眼里满是笑意,高兴,zh
哭到抽搐,哭泣,zh
嘟囔着抱怨,生气,zh
i want to throw up,厌恶,en
私处湿润,心动,zh
紧张地咽口水,紧张,zh
睥睨一切,自信,zh
打盹,平静,zh
突然贴脸,调皮,zh
耳朵耸拉下来,紧张,zh
双手抱胸思考,认真,zh
不安地揉着耳朵,担心,zh
嫌弃地皱起鼻尖,厌恶,zh
兴奋地拍打椅背,高兴,zh
紧紧攥拳,生气,zh
快乐地左右晃着腿,高兴,zh
快乐地左右摇摆椅子,高兴,zh
反感地搓手臂,厌恶,zh
心惊肉跳,惊讶,zh
托腮静思,认真,zh
偷换饮料,调皮,zh
迷恋气息,心动,zh
仓皇失措,慌张,zh
点头思索,认真,zh
揉着眉心叹气,无奈,zh
不解地皱眉,疑惑,zh
开心地蹦着转圈,高兴,zh
低头玩手指不想搭理,无奈,zh
手足无措,慌张,zh
巢穴本能,心动,zh
不安地看向门口,担心,zh
突然结巴,难为情,zh
自信微笑,自信,zh
指尖游移,心动,zh
警惕,紧张,zh
跺脚表达不满,生气,zh
困惑地歪着脑袋思考你的意思,疑惑,zh
举棋若定,自信,zh
炸毛地抖动尾巴,生气,zh
紧绷,紧张,zh
用手指绕着圈玩,无奈,zh
摆摆手表示放弃争论,无奈,zh
突然发现,紧张,zh
忐忑,紧张,zh
从容应对,自信,zh
害怕地垂下眼,害怕,zh
掌控自如,自信,zh
从容淡定,自信,zh
穴があったら入りたい,难为情,ja
担心地皱眉,担心,zh
恶作剧,调皮,zh
快乐地左右晃动手臂,高兴,zh
迫不及待地点头,高兴,zh
渴望成结,心动,zh
用尾巴轻轻缠住脚踝,无奈,zh
突然举高高,调皮,zh
困惑地歪着脑袋思考你的解释,疑惑,zh
决胜帷幄,自信,zh
轻快地甩尾巴,高兴,zh
双手合十露出笑容,高兴,zh
腰身发颤,心动,zh
发愁,担心,zh
古井无波,平静,zh
用手指轻轻点耳后,无奈,zh
崇拜雄性力,心动,zh
耐心地研读,认真,zh
吓得全身僵硬,害怕,zh
耳朵向后压,生气,zh
翻着白眼冷哼,生气,zh
偷瞄,害羞,zh
兴奋地拍打冰箱门,高兴,zh
兴奋地摇晃着尾巴,高兴,zh
my blood is boiling,生气,en
认真地调整耳机,认真,zh
意外之极,惊讶,zh
张口结舌,惊讶,zh
突然短路,难为情,zh
疑惑地歪着头表示疑问,疑惑,zh
不知所措地低下头,害羞,zh
媚眼如丝,心动,zh
瞬间呆住,惊讶,zh
担心地绞着尾巴,担心,zh
耳朵兴奋地颤抖,高兴,zh
analyzing every detail carefully,认真,en
渴望被占有,心动,zh
开心地蹦跳着说话,高兴,zh
羞耻打嗝,难为情,zh
i'm so furious right now,生气,en
泪打转儿,哭泣,zh
腿心黏腻,心动,zh
原地转圈,难为情,zh
血圧が上がるほど怒った,生气,ja
阅读着文件,认真,zh
下意识地往后缩,害怕,zh
被开发身体,心动,zh
瞬间手足无措,慌张,zh
幻想妊娠,心动,zh
用便签贴脸,调皮,zh
担心地搓手指,担心,zh
慌乱,慌张,zh
悄悄往后退了一步,害羞,zh
害怕地闭紧眼,害怕,zh
子宫悸动,心动,zh
戳脸颊,调皮,zh
突然死机,难为情,zh
快乐地上下蹦跳,高兴,zh
轻轻皱眉,认真,zh
心慌意乱,慌张,zh
泪滴成线,哭泣,zh
科学反驳,认真,zh
绞着衣角不敢看,紧张,zh
抿嘴露出勉强的笑容,无奈,zh
不解地歪着耳朵听你说话,疑惑,zh
尾巴不安地动了动,害羞,zh
扶额露出疲惫的微笑,无奈,zh
ちょっと悪戯してみる,调皮,ja
静默,平静,zh
渴望填满,心动,zh
反感地缩脖子,厌恶,zh
惊起,惊讶,zh
冲淡,平静,zh
挂心,担心,zh
敏感度翻倍,心动,zh
泪眼婆娑,哭泣,zh
笑出声来,高兴,zh
神闲意定,平静,zh
慌张地环顾四周,慌张,zh
贪食体液,心动,zh
雌性本能,心动,zh
兴奋地拍打柜子,高兴,zh
忙乱,慌张,zh
抱膝哭泣,哭泣,zh
眼神死,难为情,zh
突然当机,难为情,zh
恶心地打了个寒颤,厌恶,zh
激动地抓着抱枕跳,高兴,zh
不甚在意,平静,zh
快乐地晃着肩膀,高兴,zh
干笑两声不再接话,无奈,zh
担心地揉着耳朵,担心,zh
认真地盯着屏幕,认真,zh
微微后仰拉开距离,厌恶,zh
兴奋地挥手,高兴,zh
了然,平静,zh
眯起眼睛,认真,zh
不高兴地鼓起脸颊,生气,zh
脸颊烧得通红,害羞,zh
威胁,生气,zh
反感地轻摇头,厌恶,zh
羞耻漏觉,难为情,zh
胸が張り裂けそう,哭泣,ja
眼神回避,紧张,zh
眼睛弯成月牙,高兴,zh
用纸团丢人,调皮,zh
激动地抓着围巾跳,高兴,zh
パニックになりそう,慌张,ja
i'm on top of the world,自信,en
低声咕哝着不满,厌恶,zh
超小声,害羞,zh
you make my knees weak,心动,en
不解地歪着耳朵听你解释,疑惑,zh
慌张地脸红,慌张,zh
手汗が止まらない,紧张,ja
肌肉僵硬,紧张,zh
波澜不惊,平静,zh
眼神放空看向天花板,无奈,zh
轻轻侧过脸,害羞,zh
激动地抓着手机跳,高兴,zh
咬着嘴唇思考,认真,zh
不解地歪着耳朵听你描述,疑惑,zh
摆弄袖口转移注意力,无奈,zh
慌乱地解释,慌张,zh
补觉,平静,zh
揉着太阳穴叹气,无奈,zh
生闷气不说话,生气,zh
哭到咬手,哭泣,zh
眼睛闪闪发亮地跳起来,高兴,zh
十拿九稳,自信,zh
呼吸变快,紧张,zh
嘴角弯得更深了,高兴,zh
冷着脸叉腰,生气,zh
disgusting beyond words,厌恶,en
拘谨,紧张,zh
小幅度地晃动身体,紧张,zh
wanted to sink into the floor,难为情,en
尾巴甩得更快了,高兴,zh
开心地跺着小碎步,高兴,zh
运筹千里,自信,zh
i hid my face in my hands,害羞,en
用手指敲桌面缓解烦躁,无奈,zh
仔细核对,认真,zh
用冰手贴脖,调皮,zh
缩成球,难为情,zh
气鼓鼓地跺脚,生气,zh
皱眉冷哼,生气,zh
厌恶地搓了搓手,厌恶,zh
哭到蜷缩,哭泣,zh
依赖雄性素,心动,zh
吓得闭上眼,害怕,zh
不安地摆弄尾巴,担心,zh
平复,平静,zh
feeling absolutely thrilled,高兴,en
忧虑地叹气,担心,zh
兴奋地跳着转圈,高兴,zh
偷偷撇开目光,害羞,zh
开心地小跑着转圈,高兴,zh
冷眼旁观,平静,zh
轻轻捂住鼻子,厌恶,zh
害怕得缩成一团,害怕,zh
feeling so proud of myself,自信,en
突然噎住,紧张,zh
手托下巴翻书,认真,zh
羞耻结巴,难为情,zh
突然软倒,紧张,zh
用手指按揉太阳穴,无奈,zh
恐惧地屏住呼吸,害怕,zh
轻轻咂嘴但没反驳,无奈,zh
突然吓人,调皮,zh
雌性荷尔蒙,心动,zh
超出预期,惊讶,zh
意味が全くわからない,疑惑,ja
低声自言自语,认真,zh
突然打了个寒颤,害怕,zh
嘟囔着抗议,生气,zh
偷偷系围巾,调皮,zh
假装要捏耳,调皮,zh
心平气和,平静,zh
轻轻抽了口冷气,害怕,zh
脸颊气鼓鼓,生气,zh
看着屏幕若有所思,认真,zh
轻轻拉住自己的袖口,害羞,zh
激动地抓着水杯跳,高兴,zh
濡湿,心动,zh
释然,平静,zh
职业素养崩溃,慌张,zh
自分を信じて頑張る,自信,ja
啪嗒啪嗒拍爪子,高兴,zh
垂死挣扎,难为情,zh
哭到发抖,哭泣,zh
哭到喘不过气,哭泣,zh
担忧地看着,担心,zh
用发圈弹人,调皮,zh
焦虑地咬着指甲,担心,zh
惊愕地张大嘴,惊讶,zh
抽泣,哭泣,zh
耳朵微微垂下,害羞,zh
泪落无声,哭泣,zh
厌恶地别过脸,厌恶,zh
あなたに会うと胸が高鳴る,心动,ja
用尾巴挡住半边身体,无奈,zh
手心冒汗,紧张,zh
焦虑地抓着尾巴尖,担心,zh
依赖支配者,心动,zh
把扣子解开,调皮,zh
意兴阑珊,平静,zh
咬吸管玩,调皮,zh
按着太阳穴思考,认真,zh
不安地搓着袖子,慌张,zh
分泌爱液,心动,zh
喘息急促,心动,zh
用指甲轻轻刮脖子,无奈,zh
坚定地注视着,认真,zh
困惑地眨巴着眼睛,疑惑,zh
自喜,自信,zh
愕然地盯着看,惊讶,zh
晃指,自信,zh
吐露爱语,心动,zh
把手背贴在额头上,无奈,zh
大眼睛扑闪扑闪,高兴,zh
嘴角抽搐但保持沉默,无奈,zh
无欲则刚,平静,zh
泪眼模糊,哭泣,zh
欢呼着举起双手,高兴,zh
不自觉地翘起嘴角,高兴,zh
困惑地歪着脑袋思考你的问题,疑惑,zh
i feel sick just looking at it,厌恶,en
疑惑地歪着头发出呜声,疑惑,zh
噘着嘴鼓腮帮,生气,zh
不悦地眨了眨眼,厌恶,zh
困惑地歪着脑袋发出困惑的声音,疑惑,zh
无语,无奈,zh
把外套袖子卷了又放,无奈,zh
快乐地晃着手指,高兴,zh
急得直跺脚,紧张,zh
羞耻漏音,难为情,zh
委屈地抽泣,哭泣,zh
突然扑咬,生气,zh
激动地抓着沙发跳,高兴,zh
把脸转向一边不说话,无奈,zh
渴求,心动,zh
好きすぎて困る,心动,ja
瞬间脸红,害羞,zh
核爆级羞耻,难为情,zh
惊恐地捂住嘴,害怕,zh
用尾巴挡住鼻子,厌恶,zh
深呼吸,平静,zh
紧张地绞手指,紧张,zh
认真地分析,认真,zh
黑化,调皮,zh
泪滴晶莹,哭泣,zh
快乐地晃着脑袋,高兴,zh
诧异地扭头,惊讶,zh
躲到你身后探出半个头,害怕,zh
羞耻漏勺,难为情,zh
发呆,平静,zh
小声地吞了口唾沫,害怕,zh
满足地眯起眼睛,高兴,zh
扭腰磨蹭,心动,zh
渴求受种,心动,zh
站立不稳,慌张,zh
高兴,高兴,zh
眯一会,平静,zh
扶额闭眼深呼吸,无奈,zh
兴奋地抓着你的手臂摇晃,高兴,zh
羞耻漏格,难为情,zh
泪染被单,哭泣,zh
主动侍奉,心动,zh
手托着下巴,认真,zh
坐立不安,紧张,zh
疑惑地歪着尾巴表示困惑,疑惑,zh
生气地晃着尾巴,生气,zh
沉默地咀嚼信息,认真,zh
呼吸变得急促,害怕,zh
躲到你身后发抖,害怕,zh
不安地咬着嘴唇,担心,zh
惊慌失措,慌张,zh
兴奋地拍打房门,高兴,zh
开心地拍手雀跃,高兴,zh
吃惊地捏自己一下,惊讶,zh
叉着腰冷哼,生气,zh
快乐地前后晃动椅子,高兴,zh
专注地观看视频,认真,zh
把脸埋进手掌里叹气,无奈,zh
feeling butterflies in my stomach,紧张,en
哭红鼻尖,哭泣,zh
哺乳渴望,心动,zh
害羞地偷偷瞄了一眼,害羞,zh
惊退,惊讶,zh
吐息温热,心动,zh
用尾巴轻轻缠住手腕,无奈,zh
害怕地捂住脸,害怕,zh
紧盯着目标,认真,zh
悄悄躲在你身后,害羞,zh
措手不及,慌张,zh
激动地来回踱步,高兴,zh
用橡皮筋射,调皮,zh
困惑地皱起眉头,疑惑,zh
焦虑地搓着手指,担心,zh
躺平,平静,zh
神情慌乱,慌张,zh
満面の笑みが止まらない,高兴,ja
突然扑过来,高兴,zh
兴奋地抓住你的手,高兴,zh
羞耻窒息,难为情,zh
把头发打结,调皮,zh
信じられないことが起きた,惊讶,ja
纳闷,疑惑,zh
手指发抖,紧张,zh
結果が心配で仕方ない,担心,ja
耳朵红红的,害羞,zh
情欲涌动,心动,zh
泪腺决堤,哭泣,zh
深い悲しみに包まれている,哭泣,ja
惊恐地瞪大眼,害怕,zh
不安地来回张望,紧张,zh
脸红着轻轻点头,害羞,zh
害怕地后退一步,害怕,zh
嘴角微抿,认真,zh
恥ずかしくて消えたい,难为情,ja
厌恶地绷着脸,厌恶,zh
昏昏欲睡,平静,zh
宁静,平静,zh
静静地整理思绪,认真,zh
頭が混乱している,疑惑,ja
泣不成声,哭泣,zh
仔细倾听,认真,zh
偷偷瞄了你一眼,害羞,zh
装傻,调皮,zh
屈服性支配,心动,zh
小声,害羞,zh
叉腰,自信,zh
哭到咳嗽,哭泣,zh
見るのも嫌な気分,厌恶,ja
慌乱地抓头发,慌张,zh
撩发,自信,zh
疑惑地歪着头表示怀疑,疑惑,zh
恬淡,平静,zh
温柔,害羞,zh
睡眼惺忪,平静,zh
尽在掌握,自信,zh
惊惶失措,慌张,zh
everything is going perfectly,平静,en
皱着鼻子轻哼一声,厌恶,zh
把外套拉链拉上拉下,无奈,zh
淡泊,平静,zh
眼神躲躲闪闪,害羞,zh
做出夸张的嫌弃表情,厌恶,zh
紧张得呼吸急促,紧张,zh
手插兜皱眉,生气,zh
誇りに思っている,自信,ja
羞耻漏色,难为情,zh
偷偷瞥了你一眼,害羞,zh
从指缝里偷看你,害羞,zh
抓了抓头发叹气,无奈,zh
咬唇落泪,哭泣,zh
羞耻漏识,难为情,zh
咬着笔杆思索,认真,zh
安之若素,平静,zh
気になって気になって,担心,ja
紧张地攥紧衣角,担心,zh
红着眼眶,哭泣,zh
困惑地歪着头思考问题,疑惑,zh
厌恶地咬着下唇,厌恶,zh
子宫收缩快感,心动,zh
情热难耐,心动,zh
惊叫,惊讶,zh
掌控节奏,自信,zh
淡然,平静,zh
假装要头槌,调皮,zh
担心地望向远处,担心,zh
把手插在口袋里晃悠,无奈,zh
沉默,平静,zh
捏了捏自己的衣角,害羞,zh
魂不守舍,慌张,zh
潮吹失禁,心动,zh
用指甲轻轻刮裤子,无奈,zh
镇定自若,平静,zh
快乐地左右摇摆,高兴,zh
兴奋地拍打树干,高兴,zh
低头不敢看你,害羞,zh
紧张得脖子僵硬,紧张,zh
恐惧地紧闭嘴巴,害怕,zh
紧盯着数据,认真,zh
渴望触碰,心动,zh
踩影子,调皮,zh
困意绵绵,平静,zh
激动地扑腾着尾巴,高兴,zh
叹为观止,惊讶,zh
惊魂未定,惊讶,zh
背后冒出冷汗,紧张,zh
吓得咬嘴唇,害怕,zh
渴望侵入,心动,zh
开心地摇耳朵,高兴,zh
害羞,害羞,zh
翻着白眼嘟嘴,生气,zh
i want to be close to you,心动,en
悄悄低下头,害羞,zh
i'm terrified of what might happen,害怕,en
耳尖泛红,心动,zh
吓得僵住,害怕,zh
捂着被敲的地方,害怕,zh
技术恐吓,生气,zh
惊讶地瞪圆眼睛,惊讶,zh
泪腺崩溃,哭泣,zh
沉浸在思考中,认真,zh
嫌弃地翻了个白眼,厌恶,zh
疯狂摆手,难为情,zh
激动地抓着毯子跳,高兴,zh
feeling utterly heartbroken,哭泣,en
激动地抓着帽子跳,高兴,zh
赖床,平静,zh
i miss them so much it hurts,担心,en
疑惑地眯起眼睛,疑惑,zh
嘟着嘴,生气,zh
反感地抖肩膀,厌恶,zh
嫌弃地后退了半步,厌恶,zh
乏味,平静,zh
用发夹夹袖,调皮,zh
面色骤变,惊讶,zh
轻快地晃晃身体,高兴,zh
皱眉苦思,认真,zh
疑惑地歪着尾巴思考,疑惑,zh
何が起きてるかわからない,疑惑,ja
just enjoying the peaceful moment,平静,en
捂着脸躲避,慌张,zh
愕然地愣住,惊讶,zh
疑问,疑惑,zh
认真地审视,认真,zh
手足无措地捏衣角,慌张,zh
散发费洛蒙,心动,zh
轻轻拍着自己的脸颊,高兴,zh
嫌弃地捏鼻子,厌恶,zh
i'm up to no good,调皮,en
鼓着脸颊生闷气,生气,zh
方寸大乱,慌张,zh
jumping with excitement,高兴,en
疑惑地歪着尾巴思考你的话,疑惑,zh
羞耻漏奶,难为情,zh
轻轻点头,认真,zh
大脑宕机,难为情,zh
咬着嘴唇,害羞,zh
身体空虚,心动,zh
湿濡,心动,zh
额头渗出冷汗,紧张,zh
偷偷踮脚靠近你,高兴,zh
低头玩衣角不接话,无奈,zh
抱臂,自信,zh
胃部紧缩,紧张,zh
偷偷瞟了一眼,害羞,zh
索然,平静,zh
开心地蹦跳着哼歌,高兴,zh
满脸写着拒绝,厌恶,zh
微微皱鼻露出嫌弃的表情,厌恶,zh
忧虑地攥紧手机,担心,zh
跺脚抗议,生气,zh
伸出爪子碰碰你,高兴,zh
发情期标记,心动,zh
慌乱地理了理衣服,害羞,zh
出人意料,惊讶,zh
手忙脚乱地比划着,高兴,zh
厌恶,厌恶,zh
瞳孔放大,惊讶,zh
惊慌地躲到人身后,害怕,zh
i can't stop overthinking,担心,en
厌恶地憋着气,厌恶,zh
i knew i could do it,自信,en
后仰露颈,心动,zh
心不在焉,平静,zh
猝不及防,惊讶,zh
嘟着嘴鼓起腮帮,生气,zh
this makes me absolutely livid,生气,en
快乐地扭来扭去,高兴,zh
看淡,平静,zh
红着脸缩到角落里,害羞,zh
不解地歪着头看你,疑惑,zh
害羞地低头,害羞,zh
拍拍爪子,高兴,zh
紧张地捏着衣角,担心,zh
i can feel my cheeks burning,害羞,en
慌里慌张,慌张,zh
安然,平静,zh
倦怠,平静,zh
害怕地躲起来,害怕,zh
惊呆,惊讶,zh
惊悸,惊讶,zh
睥睨,自信,zh
假装要挠人,调皮,zh
慌乱地差点摔倒,慌张,zh
托着下巴沉思,认真,zh
胸有城府,自信,zh
主动贴近,心动,zh
反感地合上眼睛,厌恶,zh
偷偷涂鸦,调皮,zh
狡黠地歪头笑,调皮,zh
安静,平静,zh
厌恶地嘁了一声,厌恶,zh
突然404,难为情,zh
疑惑地歪着头表示不太明白,疑惑,zh
紧张地看表,紧张,zh
藏起遥控,调皮,zh
惊恐地瞪圆眼睛,害怕,zh
嫌弃地摆摆手,厌恶,zh
害怕地睁大双眼,害怕,zh
不解地歪着头思考你说的话,疑惑,zh
魂飞魄散,惊讶,zh
稳操胜券,自信,zh
紧张地抓着衣角,担心,zh
突然石化,难为情,zh
突然蒙眼睛,调皮,zh
如芒在背,紧张,zh
疑惑地歪着头看你,疑惑,zh
疑惑地歪着脑袋思考,疑惑,zh
假装要锁喉,调皮,zh
羞耻漏记,难为情,zh
惊惶,惊讶,zh
扯衣角,调皮,zh
涙が止まらない,哭泣,ja
挠痒痒,调皮,zh
举重若轻,自信,zh
羞耻漏油,难为情,zh
昂首,自信,zh
满不在乎,平静,zh
疯狂眨眼,难为情,zh
my mind is racing,慌张,en
anxiety is eating me alive,担心,en
恍惚,平静,zh
疑惑地歪头,疑惑,zh
把手放在后颈上叹气,无奈,zh
不解地歪着耳朵听,疑惑,zh
突然暴起,生气,zh
伤心地流泪,哭泣,zh
紧张地搓手,紧张,zh
疑惑地歪着头表示不太懂,疑惑,zh
倒吸一口凉气,慌张,zh
泪滴下巴,哭泣,zh
悄悄画脸,调皮,zh
嫌弃地轻哼,厌恶,zh
情欲印记,心动,zh
用心地核对信息,认真,zh
哭到缺氧,哭泣,zh
慌乱地摆手,慌张,zh
慕强本能,心动,zh
云淡风轻,平静,zh
斜眼瞥了一下但没说话,无奈,zh
纳闷地挠头,疑惑,zh
惊心动魄,惊讶,zh
对比数据,认真,zh
惊慌地喘粗气,害怕,zh
高高扬起脑袋,高兴,zh
心疼,担心,zh
脚尖不停点地,慌张,zh
捏鼻子玩,调皮,zh
闭眼深呼吸平复心情,无奈,zh
兴奋地拍打地面,高兴,zh
没睡醒,平静,zh
厌恶地往后仰,厌恶,zh
泰然自若,自信,zh
开心地蹦跳着拍手,高兴,zh
安宁,平静,zh
报复,生气,zh
脸颊微微泛红,害羞,zh
不开心地嘟囔,生气,zh
用尾巴轻轻拍打椅子,无奈,zh
兴奋地拍打抱枕,高兴,zh
甩开你的手,生气,zh
用指甲轻轻敲击杯子,无奈,zh
哽咽着说不出话,哭泣,zh
捉弄,调皮,zh
最终防线,紧张,zh
慌乱地四处张望,慌张,zh
困惑地歪着脑袋发出疑问声,疑惑,zh
i can't believe how angry i am,生气,en
咬住下唇,紧张,zh
恐惧地攥紧手心,害怕,zh
狼狈不堪,慌张,zh
坦然,平静,zh
撇开视线不想说话,无奈,zh
不解地歪着头思考你的意思,疑惑,zh
尾巴晃得停不下来,高兴,zh
用尾巴把自己裹得更紧,无奈,zh
惊慌地蜷缩,害怕,zh
迷糊,平静,zh
嘟嘴鼓腮帮瞪你,生气,zh
侧耳倾听,认真,zh
泪珠串串,哭泣,zh
哭肿双眼,哭泣,zh
迷茫,疑惑,zh
把手臂交叉在胸前,无奈,zh
害羞得不知道该说什么,害羞,zh
露出幸福的表情,高兴,zh
鼻子抽动,哭泣,zh
凶巴巴但毫无威慑力,生气,zh
委屈,哭泣,zh
嘴角不安地抿着,害羞,zh
决胜千里,自信,zh
慌乱地翻找,慌张,zh
叉腰怒气冲冲,生气,zh
撇嘴轻轻摇头,厌恶,zh
耳朵竖起不满,生气,zh
反感地抱起手臂,厌恶,zh
用尾巴拍地,生气,zh
猛地站直身体,紧张,zh
傲然屹立,自信,zh
失控高潮,心动,zh
哭到失声,哭泣,zh
胜似闲庭,自信,zh
困惑地歪着头表示不明白,疑惑,zh
贪求快感,心动,zh
羞耻漏风,难为情,zh
边看边点头,认真,zh
轻轻拍你,高兴,zh
小声地呜咽,哭泣,zh
慌张地摆手,慌张,zh
求欢姿态,心动,zh
哭哑嗓子,哭泣,zh
翻阅着资料,认真,zh
掐腰不高兴,生气,zh
尾巴悄悄藏到身后,害羞,zh
用尾巴尖轻轻拍打小腿,无奈,zh
悄悄别过头去,害羞,zh
用指甲轻轻刮下巴,无奈,zh
哭到窒息,哭泣,zh
兴奋地拍打自己的腿,高兴,zh
害怕地缩起肩膀,害怕,zh
震惊地后退半步,惊讶,zh
紧张地搓着手,担心,zh
吓得脸色发白,害怕,zh
撇了一眼就立刻移开视线,厌恶,zh
嫌弃地耸鼻子,厌恶,zh
泪眼朦胧,哭泣,zh
把鞋带系死,调皮,zh
恐惧地咽口水,害怕,zh
气定神闲,自信,zh
认真地记录,认真,zh
目を輝かせて学んでいる,认真,ja
把手放在桌下握拳,无奈,zh
shaking with fear,害怕,en
厌恶地撇了撇嘴角,厌恶,zh
灵魂出窍,慌张,zh
轻轻咬着指尖,害羞,zh
害羞地玩着尾巴,害羞,zh
冷静,平静,zh
双手抱胸叹气,无奈,zh
撅嘴别过头,生气,zh
紧张地竖起耳朵听动静,担心,zh
从容自若,自信,zh
想不通地咬嘴唇,疑惑,zh
慌张地走来走去,慌张,zh
难耐扭动,心动,zh
手掌冒汗,慌张,zh
惊颤,惊讶,zh
不甘心,生气,zh
突然使坏,调皮,zh
惊吓,惊讶,zh
that caught me totally off guard,惊讶,en
抽离,平静,zh
哭到抓衣角,哭泣,zh
害羞得挠了挠耳朵,害羞,zh
把脸埋进尾巴里,害羞,zh
用脚尖画着小圆圈,无奈,zh
静静地思考,认真,zh
骤然一惊,惊讶,zh
志得意满,自信,zh
驚きで言葉が出ない,惊讶,ja
羞耻漏味,难为情,zh
站在原地蹦蹦跳跳,高兴,zh
羞耻漏电,难为情,zh
快乐地上下晃动手臂,高兴,zh
下意识地后退一步,慌张,zh
羞耻漏光,难为情,zh
把玩自己的发梢,无奈,zh
轻轻甩了甩尾巴,害羞,zh
"突然想到什么,害羞地玩着尾巴",害羞,zh
尾巴害怕地卷起来,害怕,zh
脚步不自觉后退,紧张,zh
怒目而视,生气,zh
假装要掐脸,调皮,zh
小小声地回答,害羞,zh
开心地前后摇摆,高兴,zh
带着哭腔,害怕,zh
疑惑地歪着脑袋思考你说的话,疑惑,zh
困惑地眨眼,疑惑,zh
指挥若定,自信,zh
邀请标记,心动,zh
傲然,自信,zh
蹦蹦跳跳停不下来,高兴,zh
突然公主抱,调皮,zh
放下,平静,zh
this is absolutely revolting,厌恶,en
低头盯着地面,慌张,zh
静かな時間を楽しんでいる,平静,ja
忧心忡忡地皱眉,担心,zh
失魂落魄,慌张,zh
小声地嗯了一下,害羞,zh
不安地咬指甲,担心,zh
屏气凝神,紧张,zh
焦虑地来回踱步,担心,zh
易如反掌,自信,zh
反感地皱眉毛,厌恶,zh
专注地修正错误,认真,zh
哭到干呕,哭泣,zh
专注地做笔记,认真,zh
疏离,平静,zh
开心地拍打墙壁,高兴,zh
用尾巴轻轻拍地表达不满,无奈,zh
嘴角轻轻抽搐,厌恶,zh
厌恶地皱起鼻子,厌恶,zh
当场石化,难为情,zh
仔细观察,认真,zh
渴望受孕,心动,zh
嫌弃地甩了甩头,厌恶,zh
乱了阵脚,慌张,zh
慕强性冲动,心动,zh
皱眉盯着你,生气,zh
把手放在嘴边思考,无奈,zh
浑身一震,惊讶,zh
淡定自若,自信,zh
生气,生气,zh
用衣角擦并不存在的汗,无奈,zh
自爆发言,难为情,zh
泰然处之,平静,zh
紧紧抱住尾巴,高兴,zh
嫌弃地皱眉,厌恶,zh
开心地小跳步前进,高兴,zh
舔舐嘴唇,心动,zh
羞耻漏知,难为情,zh
晃晃耳朵,高兴,zh
居高临下,自信,zh
指尖微微颤抖,害怕,zh
眨眼,调皮,zh
不受干扰地学习,认真,zh
轻轻依偎在你身旁,高兴,zh
疲乏,平静,zh
泪珠滚落,哭泣,zh
反感地皱着脸,厌恶,zh
泪湿袖口,哭泣,zh
双腿交叠,心动,zh
假装要踩脚,调皮,zh
开心地蹦着走路,高兴,zh
难以想象,惊讶,zh
指尖颤抖,心动,zh
bouncing on toes with barely contained energy,高兴,en
fidgeting with uncontrollable excitement,高兴,en
eyes sparkling with pure exhilaration,高兴,en
cheering loudly while jumping up and down,高兴,en
pumping fists in the air,高兴,en
grinning from ear to ear,高兴,en
squealing with delight,高兴,en
kicking feet against the chair repeatedly,高兴,en
spinning in circles unable to stay still,高兴,en
clapping hands rapidly,高兴,en
breathing fast with a huge smile,高兴,en
drumming fingers on the desk eagerly,高兴,en
whispering 'yes yes yes' under breath,高兴,en
throwing arms up in celebration,高兴,en
rocking back and forth with glee,高兴,en
興奮で足が勝手に動いている,高兴,ja
飛び跳ねて喜んでいる,高兴,ja
瞳が輝いて止まらない,高兴,ja
小躍りしてしまう,高兴,ja
興奮で震えが止まらない,高兴,ja
大声で歓声を上げる,高兴,ja
拳を突き上げて叫ぶ,高兴,ja
興奮して舌が滑る,高兴,ja
嬉しさで小走りになる,高兴,ja
興奮で頬が引きつる,高兴,ja
期待で胸が躍る,高兴,ja
はしゃぎすぎて言葉にならない,高兴,ja
目がキラキラして止まらない,高兴,ja
興奮して大声で笑う,高兴,ja
テンションが上がりすぎて止まらない,高兴,ja
wrinkling nose in obvious revulsion,厌恶,en
turning away with a grimace,厌恶,en
scraping tongue against teeth in disgust,厌恶,en
making a retching sound,厌恶,en
glaring with thinly veiled repulsion,厌恶,en
covering nose with sleeve,厌恶,en
spitting to the side in contempt,厌恶,en
sneering with upper lip curled,厌恶,en
brushing something off like dirt,厌恶,en
leaning away with visible distaste,厌恶,en
clicking tongue in disapproval,厌恶,en
wiping hands repeatedly after touching,厌恶,en
staring with cold contempt,厌恶,en
snorting in utter disgust,厌恶,en
making a yuck face,厌恶,en
露骨に顔をしかめる,厌恶,ja
気持ち悪そうに吐き気を催す,厌恶,ja
嫌悪感を隠さずに睨む,厌恶,ja
不快そうに息を吐き出す,厌恶,ja
汚物を見るような目で見る,厌恶,ja
鼻をつまんで顔を背ける,厌恶,ja
嫌なものを見たように眉をひそめる,厌恶,ja
口元をゆがめて不快感を表す,厌恶,ja
軽蔑したように鼻で笑う,厌恶,ja
ぞっとして鳥肌が立つ,厌恶,ja
生理的に無理だと断言する,厌恶,ja
気味が悪いと身震いする,厌恶,ja
不快だとばかりに顔をそむける,厌恶,ja
汚れたものに触れたくない,厌恶,ja
心底嫌だと首を振る,厌恶,ja
sobbing quietly into a sleeve,哭泣,en
tears streaming down both cheeks,哭泣,en
whimpering with trembling lips,哭泣,en
sniffling back tears unsuccessfully,哭泣,en
hiccuping between sobs,哭泣,en
shoulders shaking with silent cries,哭泣,en
wiping eyes repeatedly but more come,哭泣,en
voice cracking mid-sentence,哭泣,en
curling into a ball to cry,哭泣,en
clinging to someone while sobbing,哭泣,en
tears dripping onto the floor,哭泣,en
crying so hard can't catch breath,哭泣,en
covering face with both hands weeping,哭泣,en
tears welling up and spilling over,哭泣,en
sniveling pathetically,哭泣,en
袖で涙を拭いながら泣く,哭泣,ja
声を殺して静かに泣く,哭泣,ja
嗚咽を漏らしながら震える,哭泣,ja
涙が頬を伝って落ちる,哭泣,ja
泣きじゃくって言葉にならない,哭泣,ja
膝を抱えて泣き崩れる,哭泣,ja
大粒の涙をこぼす,哭泣,ja
鼻をすすりながら泣く,哭泣,ja
涙で視界がぼやける,哭泣,ja
嗚咽を堪えきれず漏らす,哭泣,ja
泣き腫らした目でうつむく,哭泣,ja
涙が衣類を濡らす,哭泣,ja
声を上げて泣き出す,哭泣,ja
ただ黙って涙を流す,哭泣,ja
すすり泣きが止まらない,哭泣,ja
freezing in place with wide eyes,害怕,en
trembling uncontrollably,害怕,en
voice shaking with obvious terror,害怕,en
pressing back against the wall,害怕,en
gasping and covering mouth,害怕,en
eyes darting around frantically,害怕,en
breaking into a cold sweat,害怕,en
stuttering over every word,害怕,en
hands shaking like leaves,害怕,en
flinching at every small sound,害怕,en
cowering with arms over head,害怕,en
paling visibly,害怕,en
whimpering in terror,害怕,en
hiding behind someone bigger,害怕,en
clutching at own chest in fear,害怕,en
恐怖でその場に凍りつく,害怕,ja
震えが止まらず唇がかなる,害怕,ja
恐ろしくて顔が青ざめる,害怕,ja
怖くて後ずさりする,害怕,ja
恐怖で声が震える,害怕,ja
おびえた目で周囲を見回す,害怕,ja
怖くて膝がガクガクする,害怕,ja
恐ろしくて耳を塞ぐ,害怕,ja
震え上がって言葉が出ない,害怕,ja
恐怖で心臓がバクバクする,害怕,ja
怖くて息を呑む,害怕,ja
恐れおののいて縮み上がる,害怕,ja
怖すぎて目が離せない,害怕,ja
恐怖で全身が硬直する,害怕,ja
怯えたようにうつむく,害怕,ja
hiding face behind hands,害羞,en
ears turning bright red,害羞,en
fidgeting with hair nervously,害羞,en
voice getting quieter and quieter,害羞,en
stealing glances then looking away,害羞,en
tucking chin to chest,害羞,en
blushing down to the neck,害羞,en
mumbling into cupped hands,害羞,en
twisting body away from attention,害羞,en
covering half face with a sleeve,害羞,en
smiling but trying to hide it,害羞,en
fiddling with collar to avoid eye contact,害羞,en
squirming under a compliment,害羞,en
peeking through fingers,害羞,en
stuttering when spoken to directly,害羞,en
顔を両手で隠して赤くなる,害羞,ja
耳まで真っ赤になってうつむく,害羞,ja
照れくさそうに髪をいじる,害羞,ja
ちらっと見てすぐ目をそらす,害羞,ja
頬を染めて微笑む,害羞,ja
恥ずかしくてもじもじする,害羞,ja
顔を袖で隠して照れる,害羞,ja
褒められて照れながら笑う,害羞,ja
恥ずかしくて俯く,害羞,ja
顔が熱くて触れられない,害羞,ja
恥ずかしそうに目を泳がせる,害羞,ja
赤面して視線を落とす,害羞,ja
恥ずかしがりつつも喜ぶ,害羞,ja
照れ隠しに咳をする,害羞,ja
顔を手で覆って悶える,害羞,ja
breathing slowly and steadily,平静,en
sitting with relaxed posture,平静,en
expression neutral and untroubled,平静,en
gazing into the distance calmly,平静,en
fingers laced together peacefully,平静,en
eyes half-lidded in tranquility,平静,en
smiling faintly with no urgency,平静,en
leaning back with closed eyes,平静,en
completely still and centered,平静,en
watching without reaction,平静,en
sipping tea methodically,平静,en
speaking in an even tone,平静,en
unruffled by the chaos around,平静,en
at ease in the silence,平静,en
calmly observing everything,平静,en
静かに深呼吸をする,平静,ja
何事もなく外を見つめる,平静,ja
穏やかな表情でうなずく,平静,ja
落ち着いて静かに座る,平静,ja
無表情で窓の外を見る,平静,ja
波打たず静まり返る,平静,ja
心が穏やかで騒がない,平静,ja
静寂の中で安らぐ,平静,ja
表情一つ変えずに聞く,平静,ja
淡々と作業を続ける,平静,ja
慌てず騒がず対応する,平静,ja
気持ちが落ち着いている,平静,ja
静かな時間を楽しむ,平静,ja
何事もなかったかのように,平静,ja
穏やかな笑みを浮かべる,平静,ja
heart skipping a beat,心动,en
cheeks warming at the thought,心动,en
staring a little too long,心动,en
fingers brushing and lingering,心动,en
feeling butterflies in stomach,心动,en
biting lip to suppress a smile,心动,en
suddenly aware of every movement,心动,en
pulse racing from a glance,心动,en
wanting to be closer,心动,en
daydreaming with a soft gaze,心动,en
flushing at accidental contact,心动,en
heart pounding in the chest,心动,en
unable to look away,心动,en
melting under a gentle touch,心动,en
aching with sweet desire,心动,en
胸がキュンと疼く,心动,ja
顔が熱くなるほど意識する,心动,ja
会うと胸がドキドキする,心动,ja
密かに想いを寄せる,心动,ja
触れただけで顔が赤くなる,心动,ja
目が合うと息が止まる,心动,ja
甘い期待に胸が熱くなる,心动,ja
会いたい気持ちが抑えきれない,心动,ja
ふとした仕草にときめく,心动,ja
密かに見つめてしまう,心动,ja
鼓動が速くなるのを感じる,心动,ja
恋しくてたまらない,心动,ja
甘い妄想に浸る,心动,ja
思わず顔が近づく,心动,ja
jaw dropping open,惊讶,en
eyes widening to their limit,惊讶,en
gasping sharply,惊讶,en
stumbling back a step,惊讶,en
clutching at chest in shock,惊讶,en
blinking repeatedly in disbelief,惊讶,en
mouth opening but no words coming,惊讶,en
freezing mid-action,惊讶,en
dropping whatever was held,惊讶,en
sudden sharp intake of breath,惊讶,en
staring without blinking,惊讶,en
nearly knocking something over,惊讶,en
head snapping toward the sound,惊讶,en
eyebrows shooting upward,惊讶,en
completely caught off guard,惊讶,en
驚いて口を開けたまま,惊讶,ja
目を見開いて固まる,惊讶,ja
思わず息をのむ,惊讶,ja
驚いて後ずさる,惊讶,ja
驚いて持っていた物を落とす,惊讶,ja
信じられないと何度も瞬く,惊讶,ja
驚いて思わず声を上げる,惊讶,ja
呆然としながらも驚く,惊讶,ja
予想外すぎて言葉を失う,惊讶,ja
びっくりして飛び上がる,惊讶,ja
驚きで顔を引きつらせる,惊讶,ja
全く予期していなかった,惊讶,ja
驚きのあまり動けない,惊讶,ja
突然のことに呆気に取られる,惊讶,ja
耳を疑うほど驚く,惊讶,ja
rushing around in disarray,慌张,en
dropping things left and right,慌张,en
stammering incoherently,慌张,en
checking the time every five seconds,慌张,en
frantically searching for something,慌张,en
spilling drink in a hurry,慌张,en
tripping over own feet,慌张,en
forgetting what was just said,慌张,en
hands trembling while trying to fix,慌张,en
eyes darting in all directions,慌张,en
breathing shallow and fast,慌张,en
panicking over a small mistake,慌张,en
mumbling to self in confusion,慌张,en
bumping into furniture,慌张,en
trying to do five things at once,慌张,en
あわてて足元をつまずく,慌张,ja
慌てて持ち物を散らかす,慌张,ja
焦って何をするか分からない,慌张,ja
時計を見て焦りだす,慌张,ja
慌てふためいて周囲を見回す,慌张,ja
あたふたと物を探す,慌张,ja
焦りすぎて何度もやり直す,慌张,ja
パニックになって動けない,慌张,ja
慌てて説明しようとして詰まる,慌张,ja
あわてて謝る,慌张,ja
焦って上着を着替える,慌张,ja
あわてふためいて涙ぐむ,慌张,ja
慌ててドタバタする,慌张,ja
動揺して言葉に詰まる,慌张,ja
焦って汗ばむ,慌张,ja
biting nails anxiously,担心,en
constantly checking phone,担心,en
sighing with furrowed brows,担心,en
restlessly tapping foot,担心,en
gnawing on lower lip,担心,en
staring into space worriedly,担心,en
twisting ring around finger,担心,en
fidgeting with edge of shirt,担心,en
asking the same question repeatedly,担心,en
rubbing temples in concern,担心,en
pacing while overthinking,担心,en
worrying bottom lip raw,担心,en
looking up with anxious eyes,担心,en
clutching phone to chest,担心,en
muttering worriedly to self,担心,en
心配で爪を噛む,担心,ja
不安そうに眉をひそめる,担心,ja
何度もスマホを確認する,担心,ja
心配で眠れない夜を過ごす,担心,ja
不安で落ち着かない,担心,ja
気になって気になって仕方ない,担心,ja
心配でため息ばかりつく,担心,ja
不安げに遠くを見つめる,担心,ja
心配で指をいじる,担心,ja
何か悪いことがある気がする,担心,ja
不安でたまりない表情,担心,ja
心配事が頭から離れない,担心,ja
気が気でない様子,担心,ja
不安に駆られて確認する,担心,ja
心配で頬杖をつく,担心,ja
throwing hands up in resignation,无奈,en
slumping shoulders in defeat,无奈,en
letting out a long tired sigh,无奈,en
shaking head with a weak smile,无奈,en
leaning against wall looking spent,无奈,en
covering face with one hand,无奈,en
giving up with a wave,无奈,en
flopping onto the desk,无奈,en
smiling bitterly,无奈,en
too tired to argue anymore,无奈,en
draping arm over eyes,无奈,en
"saying 'fine, whatever' again",无奈,en
sagging against the chair back,无奈,en
laughing hollowly,无奈,en
staring blankly at ceiling,无奈,en
諦めて肩を落とす,无奈,ja
仕方ないと深くため息をつく,无奈,ja
疲れ切ってうつむく,无奈,ja
もうどうでもいいやと言う,无奈,ja
投げやりな笑みを浮かべる,无奈,ja
手を上げて降参する,无奈,ja
無力感に押しつぶされそう,无奈,ja
もう諦めると目を閉じる,无奈,ja
仕方がないと苦笑する,无奈,ja
何もできずに立ち尽くす,无奈,ja
虚しく笑うしかない,无奈,ja
疲れ果てて動けない,无奈,ja
諦観の表情でうなずく,无奈,ja
何もかも投げ出したい気分,无奈,ja
虚無感に包まれて俯く,无奈,ja
glaring with barely restrained fury,生气,en
slamming fist on table,生气,en
snapping at the nearest person,生气,en
jaw clenched tight,生气,en
eyes burning with anger,生气,en
speaking through gritted teeth,生气,en
throwing something across room,生气,en
storming off without a word,生气,en
fists shaking at sides,生气,en
voice rising with each sentence,生气,en
veins visible on forehead,生气,en
turning away with a scowl,生气,en
crushing something in hand,生气,en
breathing heavily with rage,生气,en
giving the silent treatment,生气,en
怒りで拳を握りしめる,生气,ja
顔を真っ赤にして怒鳴る,生气,ja
怒り心頭で震えている,生气,ja
睨みつけて黙っている,生气,ja
腹立たしげに足を踏み鳴らす,生气,ja
怒気を含んだ声で話す,生气,ja
むっとしてすぐに背を向ける,生气,ja
怒って席を立つ,生气,ja
憤慨して何度もため息をつく,生气,ja
許せないと強く言う,生气,ja
激昂して言葉が荒くなる,生气,ja
怒りで体が熱くなる,生气,ja
ふんっと鼻を鳴らす,生气,ja
眉を吊り上げて睨む,生气,ja
怒気を隠さずに見据える,生气,ja
tilting head with a frown,疑惑,en
narrowing eyes in suspicion,疑惑,en
scratching head unsure,疑惑,en
rereading the same line twice,疑惑,en
mumbling 'huh?' repeatedly,疑惑,en
looking from one thing to another,疑惑,en
tapping chin thoughtfully,疑惑,en
pursing lips in uncertainty,疑惑,en
crossing arms in doubt,疑惑,en
staring blankly trying to understand,疑惑,en
squinting at the screen,疑惑,en
muttering 'that doesn't add up',疑惑,en
rubbing back of neck confused,疑惑,en
glancing sideways in suspicion,疑惑,en
making a questioning gesture,疑惑,en
怪訝そうに首を傾げる,疑惑,ja
疑わしげに目を細める,疑惑,ja
意味が分からず眉をひそめる,疑惑,ja
何か変だと気づく,疑惑,ja
腑に落ちない表情で黙る,疑惑,ja
それで合ってる？と確認する,疑惑,ja
混乱して何度も考え直す,疑惑,ja
変だなと首をかしげる,疑惑,ja
うーんと唸りながら考える,疑惑,ja
疑問を抱いてじっと見る,疑惑,ja
よく分からずに固まる,疑惑,ja
不可解そうにため息つく,疑惑,ja
疑いの目を向ける,疑惑,ja
意味が分からずに困る,疑惑,ja
首をかしげて考え込む,疑惑,ja
kneading hands together tightly,紧张,en
swallowing hard repeatedly,紧张,en
leg bouncing under the table,紧张,en
picking at cuticles,紧张,en
voice cracking under pressure,紧张,en
avoiding eye contact,紧张,en
drumming fingers anxiously,紧张,en
sweating despite cold room,紧张,en
laughing nervously at nothing,紧张,en
checking appearance obsessively,紧张,en
biting inside of cheek,紧张,en
twisting hair into knots,紧张,en
shifting weight side to side,紧张,en
necktie feeling too tight,紧张,en
suddenly very aware of breathing,紧张,en
緊張で手に汗握る,紧张,ja
緊張で声が裏返る,紧张,ja
神経が張り詰めて震える,紧张,ja
緊張で視線が泳ぐ,紧张,ja
ドキドキして落ち着かない,紧张,ja
緊張で貧乏ゆすりする,紧张,ja
気まずそうに咳払いする,紧张,ja
緊張で何度も乾き飲む,紧张,ja
プレッシャーで硬直する,紧张,ja
緊張で顔が引きつる,紧张,ja
緊張で何度も時計を見る,紧张,ja
気まずそうに視線をそらす,紧张,ja
緊張で言葉に詰まる,紧张,ja
緊張で笑顔が硬い,紧张,ja
緊張で胃がキリキリする,紧张,ja
smirking with certainty,自信,en
standing tall with chin up,自信,en
answering without hesitation,自信,en
smiling knowingly,自信,en
dismissing doubt with a wave,自信,en
meeting every gaze directly,自信,en
leaning back with arms behind head,自信,en
speaking with quiet authority,自信,en
unfazed by criticism,自信,en
grinning with self-assurance,自信,en
checking own work once and nodding,自信,en
offering a firm handshake,自信,en
laughing off a challenge,自信,en
stating facts with conviction,自信,en
exuding calm certainty,自信,en
自信満々で笑う,自信,ja
堂々とした態度で臨む,自信,ja
迷いなく即答する,自信,ja
余裕の笑みを浮かべる,自信,ja
自慢げに胸を張る,自信,ja
何も恐れずに進む,自信,ja
確信を持ってうなずく,自信,ja
他を圧倒する自信,自信,ja
揺るぎない信念で語る,自信,ja
自信に満ちた声で話す,自信,ja
誰よりも自分を信じる,自信,ja
余裕綽々で構える,自信,ja
確実だと断言する,自信,ja
気迫で相手を制す,自信,ja
自信の表れで微笑む,自信,ja
focused gaze never wavering,认真,en
taking meticulous notes,认真,en
brows furrowed in concentration,认真,en
quietly absorbed in task,认真,en
correcting own mistakes immediately,认真,en
ignoring distractions completely,认真,en
organizing thoughts systematically,认真,en
reviewing work with scrutiny,认真,en
setting phone aside to focus,认真,en
listening intently without interrupting,认真,en
asking precise follow-up questions,认真,en
cross-referencing sources,认真,en
adjusting approach based on feedback,认真,en
working steadily without breaks,认真,en
mind fully engaged,认真,en
真剣な眼差しで向き合う,认真,ja
一つ一つ丁寧に確認する,认真,ja
表情を引き締めて取り組む,认真,ja
まじめな口調で話す,认真,ja
目を輝かせて学ぶ,认真,ja
集中して何も気にしない,认真,ja
手順を確認しながら進める,认真,ja
間違いを素直に直す,认真,ja
やる気満々で取り組む,认真,ja
一生懸命に考え込む,认真,ja
真剣そのものの表情,认真,ja
ていねいに書き取る,认真,ja
夢中になって作業する,认真,ja
真剣に向き合って答える,认真,ja
集中力を切らさずに続ける,认真,ja
grinning with a devilish idea,调皮,en
hiding something behind back,调皮,en
sticking tongue out playfully,调皮,en
wiggling eyebrows suggestively,调皮,en
snickering behind hand,调皮,en
lightly poking just to annoy,调皮,en
stealing a bite off the plate,调皮,en
faking seriousness then laughing,调皮,en
making a silly face,调皮,en
tiptoeing up to startle,调皮,en
mimicking someone behind their back,调皮,en
winking mischievously,调皮,en
pulling a harmless prank,调皮,en
giggling uncontrollably,调皮,en
smirking with a secret,调皮,en
いたずらっぽくにやける,调皮,ja
悪戯がしたくてウズウズする,调皮,ja
からかうように目を細める,调皮,ja
いたずら心を隠さない,调皮,ja
ふざけて人の真似をする,调皮,ja
いたずらっぽく舌を出す,调皮,ja
ふざけた笑みを浮かべる,调皮,ja
人の気を引くようにする,调皮,ja
悪戯がバレて笑う,调皮,ja
いたずらを企んで微笑む,调皮,ja
ふざけて話を脱線させる,调皮,ja
いたずらっ子のように笑う,调皮,ja
悪戯が過ぎて慌てる,调皮,ja
wanting to disappear from shame,难为情,en
covering face with both hands,难为情,en
curling up to hide,难为情,en
face burning with embarrassment,难为情,en
speechless from humiliation,难为情,en
laughing awkwardly to cope,难为情,en
trying to change the subject,难为情,en
avoiding everyone's gaze,难为情,en
sliding down in the chair,难为情,en
whispering 'stop looking at me',难为情,en
turning bright red to ears,难为情,en
burying face in a pillow,难为情,en
making an excuse to leave,难为情,en
laughing too loud from nerves,难为情,en
freezing when attention is on them,难为情,en
恥ずかしくて穴があったら入りたい,难为情,ja
顔から火が出るほど恥ずかしい,难为情,ja
恥ずかしくて顔を覆う,难为情,ja
恥ずかしさで固まる,难为情,ja
恥ずかしくて目を合わせられない,难为情,ja
恥ずかしさで顔が熱い,难为情,ja
恥ずかしくて逃げ出したい,难为情,ja
恥ずかしさで頭が真っ白,难为情,ja
恥ずかしくてもじもじする,难为情,ja
恥ずかしさで言葉に詰まる,难为情,ja
恥ずかしくて消えたい気分,难为情,ja
恥ずかしい思いをして俯く,难为情,ja
恥ずかしすぎて笑えない,难为情,ja
恥ずかしさで耳まで赤い,难为情,ja
恥ずかしくて視線を逸らす,难为情,ja
beaming with uncontained joy,高兴,en
humming a cheerful tune,高兴,en
smiling so wide it hurts,高兴,en
bouncing lightly on heels,高兴,en
eyes curved like crescent moons,高兴,en
laughing with entire body,高兴,en
spinning around happily,高兴,en
radiating pure delight,高兴,en
grinning from ear to ear,高兴,en
patting everyone on the back,高兴,en
dancing a little jig,高兴,en
laughing until crying,高兴,en
sharing good news excitedly,高兴,en
smiling at nothing in particular,高兴,en
glowing with happiness,高兴,en
嬉しさで飛び上がる,高兴,ja
嬉しくて小躍りする,高兴,ja
嬉しそうに目を細める,高兴,ja
心から喜んでいる,高兴,ja
嬉しくて涙ぐむ,高兴,ja
笑顔が自然とこぼれる,高兴,ja
笑って頬を赤くする,高兴,ja
嬉しさで弾む声,高兴,ja
幸せそうに目を輝かせる,高兴,ja
嬉しそうに手を叩く,高兴,ja
喜びで胸がいっぱい,高兴,ja
笑顔でうなずき返す,高兴,ja
嬉しくて鼻歌を歌う,高兴,ja
